ticker_a,ticker_b,correlation
NVDA,NVDA,1.0
NVDA,AAPL,0.3345
NVDA,MSFT,0.464
NVDA,TSLA,0.3772
NVDA,AMD,0.5502
NVDA,GOOGL,0.3915
NVDA,GLD,0.0938
NVDA,TLT,0.0005
AAPL,NVDA,0.3345
AAPL,AAPL,1.0
AAPL,MSFT,0.4093
AAPL,TSLA,0.3996
AAPL,AMD,0.3159
AAPL,GOOGL,0.396
AAPL,GLD,0.0568
AAPL,TLT,0.1024
MSFT,NVDA,0.464
MSFT,AAPL,0.4093
MSFT,MSFT,1.0
MSFT,TSLA,0.3239
MSFT,AMD,0.3188
MSFT,GOOGL,0.361
MSFT,GLD,0.0564
MSFT,TLT,-0.0077
TSLA,NVDA,0.3772
TSLA,AAPL,0.3996
TSLA,MSFT,0.3239
TSLA,TSLA,1.0
TSLA,AMD,0.391
TSLA,GOOGL,0.3817
TSLA,GLD,0.0799
TSLA,TLT,0.0836
AMD,NVDA,0.5502
AMD,AAPL,0.3159
AMD,MSFT,0.3188
AMD,TSLA,0.391
AMD,AMD,1.0
AMD,GOOGL,0.3819
AMD,GLD,0.1848
AMD,TLT,0.0466
GOOGL,NVDA,0.3915
GOOGL,AAPL,0.396
GOOGL,MSFT,0.361
GOOGL,TSLA,0.3817
GOOGL,AMD,0.3819
GOOGL,GOOGL,1.0
GOOGL,GLD,0.1346
GOOGL,TLT,0.0559
GLD,NVDA,0.0938
GLD,AAPL,0.0568
GLD,MSFT,0.0564
GLD,TSLA,0.0799
GLD,AMD,0.1848
GLD,GOOGL,0.1346
GLD,GLD,1.0
GLD,TLT,0.1372
TLT,NVDA,0.0005
TLT,AAPL,0.1024
TLT,MSFT,-0.0077
TLT,TSLA,0.0836
TLT,AMD,0.0466
TLT,GOOGL,0.0559
TLT,GLD,0.1372
TLT,TLT,1.0
