date,portfolio_equity,benchmark_equity,portfolio_drawdown_pct,benchmark_drawdown_pct
2023-07-24,10000.0,10000.0,0.0,0.0
2023-07-25,10077.86,10027.3,0.0,0.0
2023-07-26,10072.13,10028.84,-0.057,0.0
2023-07-27,9979.32,9962.35,-0.978,-0.663
2023-07-28,10167.56,10059.89,0.0,0.0
2023-07-31,10190.77,10079.04,0.0,0.0
2023-08-01,10141.96,10050.2,-0.479,-0.286
2023-08-02,9850.5,9910.39,-3.339,-1.673
2023-08-03,9884.96,9881.99,-3.001,-1.955
2023-08-04,9860.68,9837.3,-3.239,-2.398
2023-08-07,9890.0,9923.16,-2.951,-1.547
2023-08-08,9816.3,9880.01,-3.675,-1.975
2023-08-09,9649.25,9813.96,-5.314,-2.63
2023-08-10,9636.84,9817.48,-5.436,-2.595
2023-08-11,9540.71,9811.76,-6.379,-2.652
2023-08-14,9692.03,9865.92,-4.894,-2.115
2023-08-15,9611.25,9750.99,-5.687,-3.255
2023-08-16,9481.49,9679.44,-6.96,-3.965
2023-08-17,9393.07,9605.68,-7.828,-4.696
2023-08-18,9366.61,9610.3,-8.087,-4.651
2023-08-21,9599.62,9672.83,-5.801,-4.03
2023-08-22,9572.38,9646.63,-6.068,-4.29
2023-08-23,9789.09,9754.07,-3.942,-3.224
2023-08-24,9581.49,9618.89,-5.979,-4.565
2023-08-25,9622.9,9686.7,-5.572,-3.893
2023-08-28,9680.18,9748.13,-5.01,-3.283
2023-08-29,9960.96,9889.03,-2.255,-1.885
2023-08-30,10020.32,9929.77,-1.673,-1.481
2023-08-31,10022.44,9915.24,-1.652,-1.625
2023-09-01,9970.52,9933.73,-2.161,-1.442
2023-09-05,10033.79,9890.8,-1.54,-1.868
2023-09-06,9891.32,9824.31,-2.938,-2.527
2023-09-07,9803.18,9794.14,-3.803,-2.827
2023-09-08,9801.15,9808.9,-3.823,-2.68
2023-09-11,9918.3,9873.4,-2.674,-2.04
2023-09-12,9823.06,9819.24,-3.608,-2.578
2023-09-13,9898.18,9830.69,-2.871,-2.464
2023-09-14,9936.68,9915.46,-2.493,-1.623
2023-09-15,9782.1,9795.99,-4.01,-2.808
2023-09-18,9788.72,9801.74,-3.945,-2.751
2023-09-19,9767.48,9781.41,-4.154,-2.953
2023-09-20,9607.48,9691.49,-5.724,-3.845
2023-09-21,9406.25,9531.3,-7.698,-5.434
2023-09-22,9381.08,9509.87,-7.945,-5.647
2023-09-25,9406.27,9549.86,-7.698,-5.25
2023-09-26,9282.06,9409.56,-8.917,-6.642
2023-09-27,9296.66,9413.32,-8.774,-6.605
2023-09-28,9414.71,9467.89,-7.615,-6.064
2023-09-29,9428.7,9444.91,-7.478,-6.292
2023-10-02,9512.89,9441.16,-6.652,-6.329
2023-10-03,9333.52,9314.78,-8.412,-7.583
2023-10-04,9533.0,9382.6,-6.455,-6.91
2023-10-05,9532.7,9379.07,-6.457,-6.945
2023-10-06,9675.67,9490.42,-5.055,-5.84
2023-10-09,9730.7,9551.19,-4.515,-5.237
2023-10-10,9770.61,9600.9,-4.123,-4.744
2023-10-11,9866.89,9640.23,-3.178,-4.354
2023-10-12,9808.45,9581.45,-3.752,-4.937
2023-10-13,9708.04,9533.73,-4.737,-5.41
2023-10-16,9762.43,9634.04,-4.203,-4.415
2023-10-17,9675.45,9633.6,-5.057,-4.42
2023-10-18,9512.48,9505.23,-6.656,-5.693
2023-10-19,9398.44,9421.71,-7.775,-6.522
2023-10-20,9289.3,9305.94,-8.846,-7.67
2023-10-23,9340.01,9289.81,-8.348,-7.83
2023-10-24,9441.61,9359.85,-7.351,-7.136
2023-10-25,9189.76,9225.51,-9.823,-8.468
2023-10-26,9004.01,9115.04,-11.645,-9.564
2023-10-27,9072.86,9073.73,-10.97,-9.974
2023-10-30,9091.67,9182.21,-10.785,-8.898
2023-10-31,9114.79,9239.88,-10.558,-8.326
2023-11-01,9381.96,9338.42,-7.937,-7.348
2023-11-02,9544.77,9517.38,-6.339,-5.573
2023-11-03,9680.27,9604.21,-5.009,-4.711
2023-11-06,9712.27,9626.31,-4.695,-4.492
2023-11-07,9802.14,9653.7,-3.814,-4.22
2023-11-08,9852.9,9660.77,-3.315,-4.15
2023-11-09,9755.12,9585.43,-4.275,-4.897
2023-11-10,9949.89,9735.01,-2.364,-3.413
2023-11-13,9957.16,9725.73,-2.292,-3.505
2023-11-14,10168.24,9914.42,-0.221,-1.633
2023-11-15,10144.8,9935.41,-0.451,-1.425
2023-11-16,10223.89,9947.56,0.0,-1.304
2023-11-17,10198.47,9959.93,-0.249,-1.182
2023-11-20,10299.41,10036.6,0.0,-0.421
2023-11-21,10283.65,10014.73,-0.153,-0.638
2023-11-22,10290.89,10053.39,-0.083,-0.254
2023-11-24,10234.24,10059.58,-0.633,-0.193
2023-11-27,10283.04,10041.46,-0.159,-0.373
2023-11-28,10360.56,10051.4,0.0,-0.274
2023-11-29,10354.04,10044.33,-0.063,-0.344
2023-11-30,10229.29,10083.88,-1.267,0.0
2023-12-01,10257.78,10143.54,-0.992,0.0
2023-12-04,10086.76,10090.29,-2.643,-0.525
2023-12-05,10205.55,10088.3,-1.496,-0.545
2023-12-06,10153.35,10047.65,-2.0,-0.945
2023-12-07,10409.23,10124.31,0.0,-0.19
2023-12-08,10422.85,10167.84,0.0,0.0
2023-12-11,10382.16,10207.39,-0.39,0.0
2023-12-12,10452.09,10254.01,0.0,0.0
2023-12-13,10562.22,10395.41,0.0,0.0
2023-12-14,10627.69,10428.77,0.0,0.0
2023-12-15,10676.81,10411.6,0.0,-0.165
2023-12-18,10719.05,10470.17,0.0,0.0
2023-12-19,10777.88,10533.84,0.0,0.0
2023-12-20,10629.04,10387.87,-1.381,-1.386
2023-12-21,10767.71,10486.36,-0.094,-0.451
2023-12-22,10756.38,10507.44,-0.199,-0.251
2023-12-26,10841.91,10551.81,0.0,0.0
2023-12-27,10916.55,10570.89,0.0,0.0
2023-12-28,10900.03,10574.88,-0.151,0.0
2023-12-29,10838.98,10544.26,-0.711,-0.289
2024-01-02,10627.6,10485.26,-2.647,-0.848
2024-01-03,10517.75,10399.62,-3.653,-1.657
2024-01-04,10463.2,10366.13,-4.153,-1.974
2024-01-05,10489.73,10380.33,-3.91,-1.84
2024-01-08,10750.59,10528.51,-1.52,-0.438
2024-01-09,10786.63,10512.54,-1.19,-0.589
2024-01-10,10843.78,10571.99,-0.667,-0.027
2024-01-11,10825.84,10567.34,-0.831,-0.071
2024-01-12,10796.06,10574.66,-1.104,-0.002
2024-01-16,10912.08,10535.83,-0.041,-0.369
2024-01-17,10856.26,10477.27,-0.552,-0.923
2024-01-18,10964.07,10570.44,0.0,-0.042
2024-01-19,11211.35,10702.21,0.0,0.0
2024-01-22,11149.2,10724.84,-0.554,0.0
2024-01-23,11182.02,10756.12,-0.262,0.0
2024-01-24,11312.31,10767.88,0.0,0.0
2024-01-25,11250.98,10826.45,-0.542,0.0
2024-01-26,11194.03,10812.69,-1.046,-0.127
2024-01-29,11333.44,10898.32,0.0,0.0
2024-01-30,11256.16,10889.89,-0.682,-0.077
2024-01-31,10994.85,10712.2,-2.987,-1.708
2024-02-01,11159.9,10852.4,-1.531,-0.421
2024-02-02,11295.37,10966.65,-0.336,0.0
2024-02-05,11284.66,10926.72,-0.43,-0.364
2024-02-06,11252.47,10958.44,-0.714,-0.075
2024-02-07,11384.35,11049.84,0.0,0.0
2024-02-08,11355.37,11054.72,-0.255,0.0
2024-02-09,11525.0,11118.61,0.0,0.0
2024-02-12,11445.98,11113.73,-0.686,-0.044
2024-02-13,11306.21,10960.66,-1.898,-1.421
2024-02-14,11467.39,11060.26,-0.5,-0.525
2024-02-15,11451.62,11136.58,-0.637,0.0
2024-02-16,11376.73,11081.12,-1.287,-0.498
2024-02-20,11186.37,11020.11,-2.938,-1.046
2024-02-21,11132.86,11030.09,-3.403,-0.956
2024-02-22,11681.81,11258.37,0.0,0.0
2024-02-23,11616.24,11266.13,-0.561,0.0
2024-02-26,11571.09,11224.87,-0.948,-0.366
2024-02-27,11592.84,11245.72,-0.762,-0.181
2024-02-28,11542.23,11230.86,-1.195,-0.313
2024-02-29,11780.74,11271.23,0.0,0.0
2024-03-01,11984.12,11377.05,0.0,0.0
2024-03-04,11956.88,11364.85,-0.227,-0.107
2024-03-05,11875.28,11251.27,-0.908,-1.106
2024-03-06,11975.6,11308.28,-0.071,-0.604
2024-03-07,12162.87,11420.53,0.0,0.0
2024-03-08,11988.76,11351.98,-1.431,-0.6
2024-03-11,11903.25,11342.22,-2.135,-0.686
2024-03-12,12133.7,11464.24,-0.24,0.0
2024-03-13,11989.1,11446.26,-1.429,-0.157
2024-03-14,11855.31,11423.64,-2.529,-0.354
2024-03-15,11836.97,11345.2,-2.679,-1.038
2024-03-18,11978.34,11412.62,-1.517,-0.45
2024-03-19,11932.82,11476.04,-1.891,0.0
2024-03-20,12032.68,11582.19,-1.07,0.0
2024-03-21,11990.35,11620.47,-1.418,0.0
2024-03-22,12102.18,11598.44,-0.499,-0.19
2024-03-25,12082.09,11566.39,-0.664,-0.465
2024-03-26,12037.41,11545.03,-1.032,-0.649
2024-03-27,12051.45,11642.05,-0.916,0.0
2024-03-28,12043.18,11639.82,-0.984,-0.019
2024-04-01,12096.02,11619.57,-0.55,-0.193
2024-04-02,11951.99,11545.7,-1.734,-0.828
2024-04-03,11996.48,11558.38,-1.368,-0.719
2024-04-04,11785.63,11417.3,-3.102,-1.931
2024-04-05,11865.32,11536.57,-2.446,-0.906
2024-04-08,11935.44,11543.02,-1.87,-0.851
2024-04-09,12003.03,11556.38,-1.314,-0.736
2024-04-10,11877.75,11440.66,-2.344,-1.73
2024-04-11,12126.87,11527.0,-0.296,-0.988
2024-04-12,11957.05,11367.89,-1.692,-2.355
2024-04-15,11729.3,11225.48,-3.565,-3.578
2024-04-16,11703.9,11205.0,-3.774,-3.754
2024-04-17,11547.11,11138.69,-5.063,-4.324
2024-04-18,11487.45,11115.77,-5.553,-4.521
2024-04-19,11205.93,11018.75,-7.868,-5.354
2024-04-22,11228.52,11120.22,-7.682,-4.482
2024-04-23,11379.03,11252.18,-6.445,-3.349
2024-04-24,11497.93,11246.84,-5.467,-3.395
2024-04-25,11572.98,11204.11,-4.85,-3.762
2024-04-26,11864.6,11310.26,-2.452,-2.85
2024-04-29,12081.97,11350.31,-0.665,-2.506
2024-04-30,11800.64,11170.51,-2.978,-4.05
2024-05-01,11645.02,11134.24,-4.258,-4.362
2024-05-02,11779.11,11238.38,-3.155,-3.467
2024-05-03,12017.54,11377.69,-1.195,-2.271
2024-05-06,12187.68,11495.18,0.0,-1.262
2024-05-07,12114.49,11507.87,-0.601,-1.153
2024-05-08,12054.12,11508.98,-1.096,-1.143
2024-05-09,12052.49,11575.29,-1.109,-0.573
2024-05-10,12026.58,11590.2,-1.322,-0.445
2024-05-13,12068.6,11591.76,-0.977,-0.432
2024-05-14,12208.5,11644.94,0.0,0.0
2024-05-15,12395.04,11789.14,0.0,0.0
2024-05-16,12424.9,11764.88,0.0,-0.206
2024-05-17,12464.29,11781.8,0.0,-0.062
2024-05-20,12536.16,11795.37,0.0,0.0
2024-05-21,12671.26,11824.3,0.0,0.0
2024-05-22,12565.1,11790.25,-0.838,-0.288
2024-05-23,12497.77,11704.14,-1.369,-1.016
2024-05-24,12697.54,11781.58,0.0,-0.361
2024-05-28,12854.18,11789.81,0.0,-0.292
2024-05-29,12772.03,11707.25,-0.639,-0.99
2024-05-30,12671.46,11629.59,-1.422,-1.647
2024-05-31,12666.64,11735.51,-1.459,-0.751
2024-06-03,12766.83,11745.08,-0.68,-0.67
2024-06-04,12769.13,11758.21,-0.662,-0.559
2024-06-05,13010.23,11897.96,0.0,0.0
2024-06-06,13028.78,11897.74,0.0,-0.002
2024-06-07,12943.46,11883.27,-0.655,-0.123
2024-06-10,12857.23,11919.99,-1.317,0.0
2024-06-11,12980.64,11948.7,-0.369,0.0
2024-06-12,13228.6,12046.83,0.0,0.0
2024-06-13,13338.55,12071.09,0.0,0.0
2024-06-14,13373.26,12078.43,0.0,0.0
2024-06-17,13467.48,12174.56,0.0,0.0
2024-06-18,13461.04,12205.49,-0.048,0.0
2024-06-20,13391.35,12172.34,-0.565,-0.272
2024-06-21,13332.83,12156.02,-1.0,-0.405
2024-06-24,13186.4,12116.5,-2.087,-0.729
2024-06-25,13422.92,12163.16,-0.331,-0.347
2024-06-26,13486.12,12178.34,0.0,-0.222
2024-06-27,13519.86,12197.54,0.0,-0.065
2024-06-28,13427.04,12149.54,-0.687,-0.458
2024-07-01,13560.93,12174.55,0.0,-0.254
2024-07-02,13859.91,12256.48,0.0,0.0
2024-07-03,14122.15,12311.17,0.0,0.0
2024-07-05,14359.76,12382.17,0.0,0.0
2024-07-08,14448.91,12396.45,0.0,0.0
2024-07-09,14531.9,12408.51,0.0,0.0
2024-07-10,14750.03,12531.3,0.0,0.0
2024-07-11,14347.25,12423.24,-2.731,-0.862
2024-07-12,14450.89,12501.6,-2.028,-0.237
2024-07-15,14490.57,12535.98,-1.759,0.0
2024-07-16,14493.44,12610.32,-1.74,0.0
2024-07-17,14019.38,12433.51,-4.954,-1.402
2024-07-18,13925.33,12337.96,-5.591,-2.16
2024-07-19,13700.78,12256.03,-7.114,-2.81
2024-07-22,13977.44,12382.39,-5.238,-1.808
2024-07-23,13922.03,12362.97,-5.614,-1.962
2024-07-24,13233.72,12082.79,-10.28,-4.183
2024-07-25,13067.38,12019.84,-11.408,-4.683
2024-07-26,13149.56,12154.45,-10.851,-3.615
2024-07-29,13269.21,12161.6,-10.039,-3.558
2024-07-30,13089.4,12099.98,-11.258,-4.047
2024-07-31,13482.17,12296.66,-8.596,-2.487
2024-08-01,13090.94,12122.53,-11.248,-3.868
2024-08-02,12979.34,11896.83,-12.005,-5.658
2024-08-05,12620.62,11550.35,-14.437,-8.406
2024-08-06,12576.23,11656.84,-14.738,-7.561
2024-08-07,12421.25,11578.92,-15.788,-8.179
2024-08-08,12731.22,11846.6,-13.687,-6.056
2024-08-09,12789.42,11898.83,-13.292,-5.642
2024-08-12,12891.04,11905.09,-12.603,-5.593
2024-08-13,13204.29,12100.87,-10.48,-4.04
2024-08-14,13148.08,12139.05,-10.861,-3.737
2024-08-15,13431.66,12347.12,-8.938,-2.087
2024-08-16,13546.43,12374.8,-8.16,-1.868
2024-08-19,13795.31,12493.12,-6.473,-0.929
2024-08-20,13798.73,12472.8,-6.449,-1.091
2024-08-21,13831.78,12515.67,-6.225,-0.751
2024-08-22,13491.07,12417.44,-8.535,-1.53
2024-08-23,13755.76,12549.38,-6.741,-0.483
2024-08-26,13600.74,12519.46,-7.792,-0.721
2024-08-27,13593.34,12536.65,-7.842,-0.584
2024-08-28,13428.26,12463.88,-8.961,-1.161
2024-08-29,13344.22,12464.99,-9.531,-1.153
2024-08-30,13458.05,12583.98,-8.759,-0.209
2024-09-03,13040.67,12325.02,-11.589,-2.263
2024-09-04,13130.37,12299.79,-10.981,-2.463
2024-09-05,13263.32,12269.87,-10.079,-2.7
2024-09-06,12876.8,12063.37,-12.7,-4.337
2024-09-09,13025.37,12198.43,-11.693,-3.266
2024-09-10,13225.96,12251.57,-10.333,-2.845
2024-09-11,13507.21,12377.26,-8.426,-1.848
2024-09-12,13632.82,12481.51,-7.574,-1.021
2024-09-13,13712.53,12546.7,-7.034,-0.505
2024-09-16,13624.74,12565.23,-7.629,-0.358
2024-09-17,13615.13,12570.36,-7.694,-0.317
2024-09-18,13535.05,12533.08,-8.237,-0.613
2024-09-19,13964.32,12746.95,-5.327,0.0
2024-09-20,13894.52,12724.92,-5.8,-0.173
2024-09-23,13969.31,12756.72,-5.293,0.0
2024-09-24,14105.41,12793.22,-4.37,0.0
2024-09-25,14180.8,12765.0,-3.859,-0.221
2024-09-26,14252.46,12815.61,-3.373,0.0
2024-09-27,14232.18,12797.02,-3.511,-0.145
2024-09-30,14283.54,12848.3,-3.163,0.0
2024-10-01,14098.5,12733.2,-4.417,-0.896
2024-10-02,14027.25,12738.58,-4.9,-0.854
2024-10-03,14033.42,12715.29,-4.858,-1.035
2024-10-04,14209.99,12830.84,-3.661,-0.136
2024-10-07,14059.42,12714.84,-4.682,-1.039
2024-10-08,14237.87,12835.09,-3.472,-0.103
2024-10-09,14185.04,12923.99,-3.83,0.0
2024-10-10,14124.87,12901.37,-4.238,-0.175
2024-10-11,14037.58,12978.63,-4.83,0.0
2024-10-14,14123.72,13084.78,-4.246,0.0
2024-10-15,13987.81,12983.11,-5.168,-0.777
2024-10-16,14041.22,13039.54,-4.805,-0.346
2024-10-17,14021.93,13040.66,-4.936,-0.337
2024-10-18,14087.08,13090.82,-4.495,0.0
2024-10-21,14170.01,13069.32,-3.932,-0.164
2024-10-22,14185.32,13062.38,-3.829,-0.217
2024-10-23,13980.14,12943.03,-5.22,-1.129
2024-10-24,14341.38,12971.02,-2.771,-0.915
2024-10-25,14490.2,12966.54,-1.762,-0.949
2024-10-28,14489.66,13006.62,-1.765,-0.643
2024-10-29,14627.87,13027.67,-0.828,-0.482
2024-10-30,14436.09,12988.26,-2.128,-0.783
2024-10-31,14034.13,12733.65,-4.854,-2.728
2024-11-01,14007.15,12787.39,-5.036,-2.318
2024-11-04,13953.88,12759.85,-5.398,-2.528
2024-11-05,14121.69,12914.14,-4.26,-1.35
2024-11-06,14496.41,13235.26,-1.719,0.0
2024-11-07,14806.66,13337.59,0.0,0.0
2024-11-08,14902.77,13395.37,0.0,0.0
2024-11-11,14988.59,13408.13,0.0,0.0
2024-11-12,14839.74,13366.48,-0.993,-0.311
2024-11-13,14727.67,13372.97,-1.741,-0.262
2024-11-14,14600.03,13286.98,-2.592,-0.904
2024-11-15,14437.2,13116.8,-3.679,-2.173
2024-11-18,14669.68,13170.54,-2.128,-1.772
2024-11-19,14890.16,13218.69,-0.657,-1.413
2024-11-20,14804.82,13223.16,-1.226,-1.38
2024-11-21,14711.46,13294.15,-1.849,-0.85
2024-11-22,14760.5,13335.36,-1.522,-0.543
2024-11-25,14658.61,13380.59,-2.202,-0.205
2024-11-26,14700.01,13450.46,-1.925,0.0
2024-11-27,14619.32,13409.7,-2.464,-0.303
2024-11-29,14806.44,13493.0,-1.215,0.0
2024-12-02,15010.83,13517.19,0.0,0.0
2024-12-03,15006.71,13523.46,-0.027,0.0
2024-12-04,15229.82,13607.43,0.0,0.0
2024-12-05,15272.48,13585.04,0.0,-0.165
2024-12-06,15366.4,13610.79,0.0,0.0
2024-12-09,15284.06,13540.7,-0.536,-0.515
2024-12-10,15389.35,13498.6,0.0,-0.824
2024-12-11,15765.4,13602.95,0.0,-0.058
2024-12-12,15624.76,13532.86,-0.892,-0.573
2024-12-13,15592.56,13530.18,-1.096,-0.592
2024-12-16,15863.2,13587.95,0.0,-0.168
2024-12-17,15950.7,13531.97,0.0,-0.579
2024-12-18,15375.03,13128.67,-3.609,-3.542
2024-12-19,15337.12,13124.63,-3.847,-3.572
2024-12-20,15389.82,13282.27,-3.516,-2.414
2024-12-23,15598.4,13361.81,-2.209,-1.829
2024-12-24,15906.82,13510.33,-0.275,-0.738
2024-12-26,15840.32,13511.23,-0.692,-0.731
2024-12-27,15531.47,13369.0,-2.628,-1.776
2024-12-30,15352.54,13216.44,-3.75,-2.897
2024-12-31,15148.86,13168.36,-5.027,-3.251
2025-01-02,15057.31,13136.0,-5.601,-3.488
2025-01-03,15384.76,13300.25,-3.548,-2.282
2025-01-06,15595.72,13376.87,-2.226,-1.719
2025-01-07,15281.6,13225.65,-4.195,-2.83
2025-01-08,15208.52,13244.98,-4.653,-2.688
2025-01-10,14974.91,13042.76,-6.118,-4.173
2025-01-13,14940.67,13062.98,-6.332,-4.025
2025-01-14,14846.32,13080.96,-6.924,-3.893
2025-01-15,15307.32,13318.9,-4.034,-2.145
2025-01-16,15091.0,13293.29,-5.39,-2.333
2025-01-17,15312.93,13426.75,-3.998,-1.352
2025-01-21,15368.11,13549.65,-3.652,-0.449
2025-01-22,15529.04,13625.82,-2.644,0.0
2025-01-23,15486.77,13700.19,-2.909,0.0
2025-01-24,15416.14,13660.19,-3.351,-0.292
2025-01-27,14836.29,13466.97,-6.987,-1.702
2025-01-28,15147.62,13582.68,-5.035,-0.858
2025-01-29,15056.69,13521.79,-5.605,-1.302
2025-01-30,15101.86,13594.36,-5.322,-0.772
2025-01-31,15023.13,13522.01,-5.815,-1.301
2025-02-03,14769.97,13431.02,-7.402,-1.965
2025-02-04,15040.17,13521.12,-5.708,-1.307
2025-02-05,14839.66,13575.94,-6.965,-0.907
2025-02-06,14860.29,13623.12,-6.836,-0.563
2025-02-07,14635.23,13498.42,-8.247,-1.473
2025-02-10,14736.07,13590.09,-7.615,-0.804
2025-02-11,14633.24,13600.43,-8.26,-0.728
2025-02-12,14637.47,13556.62,-8.233,-1.048
2025-02-13,14908.03,13699.74,-6.537,-0.003
2025-02-14,14961.43,13699.06,-6.202,-0.008
2025-02-18,14981.06,13739.28,-6.079,0.0
2025-02-19,15059.98,13771.64,-5.584,0.0
2025-02-20,15053.66,13714.34,-5.624,-0.416
2025-02-21,14778.06,13479.77,-7.352,-2.119
2025-02-24,14648.49,13418.43,-8.164,-2.565
2025-02-25,14341.37,13351.7,-10.089,-3.049
2025-02-26,14308.61,13358.44,-10.295,-3.0
2025-02-27,13884.09,13145.22,-12.956,-4.549
2025-02-28,14092.19,13350.35,-11.652,-3.059
2025-03-03,13811.15,13116.46,-13.414,-4.757
2025-03-04,13835.76,12961.2,-13.259,-5.885
2025-03-05,13965.64,13100.5,-12.445,-4.873
2025-03-06,13707.49,12867.96,-14.063,-6.562
2025-03-07,13778.68,12940.07,-13.617,-6.038
2025-03-10,13227.66,12595.41,-17.072,-8.541
2025-03-11,13237.25,12490.71,-17.011,-9.301
2025-03-12,13492.69,12556.99,-15.41,-8.82
2025-03-13,13349.38,12389.6,-16.309,-10.035
2025-03-14,13614.34,12645.52,-14.647,-8.177
2025-03-17,13598.73,12743.03,-14.745,-7.469
2025-03-18,13422.17,12605.3,-15.852,-8.469
2025-03-19,13633.91,12742.58,-14.525,-7.472
2025-03-20,13638.84,12705.73,-14.494,-7.74
2025-03-21,13708.45,12709.92,-14.057,-7.709
2025-03-24,14049.88,12937.54,-11.917,-6.057
2025-03-25,14170.88,12968.64,-11.158,-5.831
2025-03-26,13815.4,12813.82,-13.387,-6.955
2025-03-27,13747.63,12779.79,-13.812,-7.202
2025-03-28,13490.02,12522.42,-15.427,-9.071
2025-03-31,13514.83,12606.48,-15.271,-8.461
2025-04-01,13680.21,12642.09,-14.234,-8.202
2025-04-02,13787.71,12722.09,-13.561,-7.621
2025-04-03,13132.33,12095.14,-17.669,-12.174
2025-04-04,12452.9,11387.05,-21.929,-17.315
2025-04-07,12293.56,11366.77,-22.928,-17.462
2025-04-08,11979.95,11188.74,-24.894,-18.755
2025-04-09,13480.59,12363.77,-15.486,-10.223
2025-04-10,12937.95,11822.0,-18.888,-14.157
2025-04-11,13246.42,12032.94,-16.954,-12.625
2025-04-14,13314.36,12149.68,-16.528,-11.778
2025-04-15,13334.51,12115.65,-16.402,-12.025
2025-04-16,12927.34,11846.34,-18.954,-13.98
2025-04-17,12823.64,11863.24,-19.605,-13.857
2025-04-21,12550.82,11580.86,-21.315,-15.908
2025-04-22,12770.32,11882.17,-19.939,-13.72
2025-04-23,13066.34,12066.29,-18.083,-12.383
2025-04-24,13421.33,12320.27,-15.857,-10.539
2025-04-25,13743.6,12409.29,-13.837,-9.892
2025-04-28,13734.41,12414.02,-13.895,-9.858
2025-04-29,13786.1,12492.23,-13.571,-9.29
2025-04-30,13714.83,12497.18,-14.017,-9.254
2025-05-01,13858.3,12585.75,-13.118,-8.611
2025-05-02,13981.09,12772.57,-12.348,-7.255
2025-05-05,13954.48,12699.33,-12.515,-7.786
2025-05-06,13915.09,12593.19,-12.762,-8.557
2025-05-07,13836.96,12646.15,-13.252,-8.173
2025-05-08,13928.49,12734.26,-12.678,-7.533
2025-05-09,14032.72,12718.04,-12.024,-7.651
2025-05-12,14488.93,13138.34,-9.164,-4.599
2025-05-13,14798.94,13225.1,-7.221,-3.969
2025-05-14,15087.21,13242.0,-5.414,-3.846
2025-05-15,15026.65,13306.68,-5.793,-3.376
2025-05-16,15129.3,13390.97,-5.15,-2.764
2025-05-19,15063.78,13405.61,-5.56,-2.658
2025-05-20,15011.49,13360.54,-5.888,-2.985
2025-05-21,14861.76,13135.4,-6.827,-4.62
2025-05-22,14919.81,13140.59,-6.463,-4.582
2025-05-23,14826.0,13050.9,-7.051,-5.234
2025-05-27,15239.69,13322.23,-4.458,-3.263
2025-05-28,15131.66,13245.16,-5.135,-3.823
2025-05-29,15234.93,13297.44,-4.487,-3.443
2025-05-30,15059.57,13282.57,-5.587,-3.551
2025-06-02,15150.62,13357.39,-5.016,-3.008
2025-06-03,15231.17,13433.56,-4.511,-2.455
2025-06-04,15241.93,13429.95,-4.444,-2.481
2025-06-05,14849.84,13365.05,-6.902,-2.952
2025-06-06,15005.1,13502.3,-5.928,-1.956
2025-06-09,15228.65,13514.46,-4.527,-1.867
2025-06-10,15425.63,13591.09,-3.292,-1.311
2025-06-11,15354.83,13552.32,-3.736,-1.593
2025-06-12,15352.64,13606.19,-3.749,-1.201
2025-06-13,15265.73,13454.07,-4.294,-2.306
2025-06-16,15515.3,13582.07,-2.73,-1.377
2025-06-17,15420.13,13466.01,-3.326,-2.219
2025-06-18,15454.67,13463.98,-3.11,-2.234
2025-06-20,15397.84,13432.36,-3.466,-2.464
2025-06-23,15635.28,13565.04,-1.977,-1.5
2025-06-24,15795.26,13714.9,-0.975,-0.412
2025-06-25,15962.3,13722.58,0.0,-0.356
2025-06-26,16023.06,13829.94,0.0,0.0
2025-06-27,16059.02,13898.66,0.0,0.0
2025-06-30,16042.35,13965.11,-0.104,0.0
2025-07-01,15816.72,13960.59,-1.509,-0.032
2025-07-02,16066.78,14023.88,0.0,0.0
2025-07-03,16107.22,14134.4,0.0,0.0
2025-07-07,15825.86,14029.07,-1.747,-0.745
2025-07-08,15860.18,14021.39,-1.534,-0.8
2025-07-09,15986.9,14105.47,-0.747,-0.205
2025-07-10,16193.41,14145.25,0.0,0.0
2025-07-11,16275.15,14095.52,0.0,-0.352
2025-07-14,16261.23,14122.42,-0.086,-0.161
2025-07-15,16438.14,14062.07,0.0,-0.588
2025-07-16,16611.86,14109.09,0.0,-0.256
2025-07-17,16648.16,14195.43,0.0,0.0
2025-07-18,16686.74,14185.03,0.0,-0.073
2025-07-21,16785.1,14211.93,0.0,0.0
2025-07-22,16765.48,14213.96,-0.117,0.0
2025-07-23,16822.06,14334.89,0.0,0.0
2025-07-24,16759.06,14339.63,-0.375,0.0
2025-07-25,16902.92,14400.21,0.0,0.0
2025-07-28,17070.04,14396.59,0.0,-0.025
2025-07-29,17127.78,14358.62,0.0,-0.289
2025-07-30,17135.94,14340.54,0.0,-0.414
2025-07-31,17033.78,14286.75,-0.596,-0.788
2025-08-01,16828.9,14052.58,-1.792,-2.414
2025-08-04,17162.8,14266.17,0.0,-0.931
2025-08-05,17070.0,14193.85,-0.541,-1.433
2025-08-06,17087.01,14302.57,-0.442,-0.678
2025-08-07,17318.61,14290.59,0.0,-0.761
2025-08-08,17537.31,14402.02,0.0,0.0
2025-08-11,17529.75,14373.54,-0.043,-0.198
2025-08-12,17661.86,14526.56,0.0,0.0
2025-08-13,17774.61,14576.29,0.0,0.0
2025-08-14,17692.69,14577.64,-0.461,0.0
2025-08-15,17569.42,14543.51,-1.154,-0.234
2025-08-18,17566.24,14540.35,-1.172,-0.256
2025-08-19,17258.59,14461.46,-2.903,-0.797
2025-08-20,17140.54,14423.04,-3.567,-1.061
2025-08-21,17064.75,14365.18,-3.994,-1.457
2025-08-22,17434.31,14585.78,-1.915,0.0
2025-08-25,17435.62,14521.59,-1.907,-0.44
2025-08-26,17548.94,14582.39,-1.27,-0.023
2025-08-27,17577.17,14615.61,-1.111,0.0
2025-08-28,17664.27,14667.38,-0.621,0.0
2025-08-29,17431.94,14579.9,-1.928,-0.596
2025-09-02,17342.88,14471.86,-2.429,-1.333
2025-09-03,17712.68,14550.29,-0.348,-0.798
2025-09-04,17796.79,14671.9,0.0,0.0
2025-09-05,17701.82,14629.4,-0.534,-0.29
2025-09-08,17732.57,14665.34,-0.361,-0.045
2025-09-09,17842.84,14699.25,0.0,0.0
2025-09-10,17932.29,14741.74,0.0,0.0
2025-09-11,18066.84,14864.24,0.0,0.0
2025-09-12,18363.04,14859.27,0.0,-0.033
2025-09-15,18686.45,14938.38,0.0,0.0
2025-09-16,18705.61,14917.81,0.0,-0.138
2025-09-17,18626.83,14899.28,-0.421,-0.262
2025-09-18,18608.98,14968.9,-0.517,0.0
2025-09-19,18828.14,15043.03,0.0,0.0
2025-09-22,19097.32,15114.2,0.0,0.0
2025-09-23,18970.87,15031.93,-0.662,-0.544
2025-09-24,18962.02,14984.1,-0.708,-0.861
2025-09-25,18880.26,14914.97,-1.137,-1.318
2025-09-26,18992.29,15000.42,-0.55,-0.753
2025-09-29,19111.98,15042.58,0.0,-0.474
2025-09-30,19206.12,15099.24,0.0,-0.099
2025-10-01,19370.78,15150.69,0.0,0.0
2025-10-02,19354.11,15168.15,-0.086,0.0
2025-10-03,19256.54,15167.92,-0.59,-0.001
2025-10-06,20051.53,15222.32,0.0,0.0
2025-10-07,20009.08,15165.88,-0.212,-0.371
2025-10-08,20498.9,15256.32,0.0,0.0
2025-10-09,20358.74,15212.12,-0.684,-0.29
2025-10-10,19730.72,14800.97,-3.747,-2.985
2025-10-13,20111.59,15028.07,-1.889,-1.496
2025-10-14,20031.45,15009.72,-2.28,-1.616
2025-10-15,20473.57,15076.35,-0.124,-1.18
2025-10-16,20462.06,14973.68,-0.18,-1.853
2025-10-17,20534.03,15058.67,0.0,-1.295
2025-10-20,20927.25,15215.29,0.0,-0.269
2025-10-21,20630.62,15215.06,-1.417,-0.27
2025-10-22,20470.61,15135.96,-2.182,-0.789
2025-10-23,20637.16,15225.72,-1.386,-0.201
2025-10-24,20978.33,15350.15,0.0,0.0
2025-10-27,21369.59,15531.25,0.0,0.0
2025-10-28,21533.22,15572.5,0.0,0.0
2025-10-29,21749.43,15579.98,0.0,0.0
2025-10-30,21484.58,15408.63,-1.218,-1.1
2025-10-31,21517.01,15459.17,-1.069,-0.775
2025-11-03,21696.92,15488.18,-0.241,-0.589
2025-11-04,21216.51,15304.59,-2.45,-1.768
2025-11-05,21397.41,15357.63,-1.619,-1.427
2025-11-06,20914.88,15192.85,-3.837,-2.485
2025-11-07,20703.54,15207.81,-4.809,-2.389
2025-11-10,21316.35,15445.12,-1.991,-0.866
2025-11-11,21214.88,15480.48,-2.458,-0.639
2025-11-12,21486.36,15489.09,-1.21,-0.583
2025-11-13,20917.65,15232.06,-3.824,-2.233
2025-11-14,20900.96,15229.57,-3.901,-2.249
2025-11-17,20789.05,15087.68,-4.416,-3.16
2025-11-18,20474.84,14960.98,-5.86,-3.973
2025-11-19,20519.16,15018.78,-5.657,-3.602
2025-11-20,20053.7,14789.86,-7.797,-5.071
2025-11-21,20099.83,14937.19,-7.585,-4.126
2025-11-24,20749.61,15157.04,-4.597,-2.715
2025-11-25,20642.33,15299.61,-5.09,-1.8
2025-11-26,20874.71,15405.23,-4.022,-1.122
2025-11-28,20966.25,15489.32,-3.601,-0.582
2025-12-01,20982.39,15418.6,-3.527,-1.036
2025-12-02,20967.8,15447.16,-3.594,-0.852
2025-12-03,21039.08,15500.65,-3.266,-0.509
2025-12-04,21056.68,15511.98,-3.185,-0.436
2025-12-05,21089.17,15541.45,-3.036,-0.247
2025-12-08,21033.73,15494.76,-3.291,-0.547
2025-12-09,21110.97,15481.38,-2.936,-0.633
2025-12-10,21130.5,15584.06,-2.846,0.0
2025-12-11,21033.23,15620.32,-3.293,0.0
2025-12-12,20804.48,15452.37,-4.345,-1.075
2025-12-15,20798.5,15429.03,-4.372,-1.225
2025-12-16,20928.5,15386.87,-3.775,-1.495
2025-12-17,20451.08,15217.56,-5.97,-2.578
2025-12-18,20726.07,15332.47,-4.705,-1.843
2025-12-19,21049.58,15471.44,-3.218,-0.953
2025-12-22,21200.31,15567.82,-2.525,-0.336
2025-12-23,21361.09,15638.97,-1.786,0.0
2025-12-24,21374.02,15693.99,-1.726,0.0
2025-12-26,21356.41,15692.39,-1.807,-0.01
2025-12-29,21139.48,15636.47,-2.804,-0.366
2025-12-30,21093.05,15617.38,-3.018,-0.488
2025-12-31,20962.39,15501.67,-3.619,-1.225
2026-01-02,21002.49,15530.08,-3.434,-1.044
2026-01-05,21099.46,15633.52,-2.988,-0.385
2026-01-06,20884.57,15726.49,-3.976,0.0
2026-01-07,20909.32,15675.8,-3.863,-0.322
2026-01-08,20801.58,15674.21,-4.358,-0.332
2026-01-09,20907.1,15777.87,-3.873,0.0
2026-01-12,21054.68,15802.65,-3.194,0.0
2026-01-13,21226.52,15771.05,-2.404,-0.2
2026-01-14,21145.64,15693.53,-2.776,-0.69
2026-01-15,21174.68,15736.27,-2.643,-0.42
2026-01-16,21144.18,15723.08,-2.783,-0.503
2026-01-20,20814.11,15403.01,-4.3,-2.529
2026-01-21,21245.78,15580.78,-2.316,-1.404
2026-01-22,21548.12,15662.16,-0.926,-0.889
2026-01-23,21762.62,15667.84,0.0,-0.853
2026-01-26,21758.63,15747.41,-0.018,-0.35
2026-01-27,21924.2,15810.15,0.0,0.0
2026-01-28,22094.61,15808.56,0.0,-0.01
2026-01-29,21800.03,15777.18,-1.333,-0.208
2026-01-30,21312.79,15730.13,-3.539,-0.506
2026-02-02,21288.18,15808.33,-3.65,-0.012
2026-02-03,21245.71,15674.66,-3.842,-0.857
2026-02-04,20572.59,15598.74,-6.889,-1.337
2026-02-05,20211.45,15403.92,-8.523,-2.569
2026-02-06,20760.69,15699.44,-6.037,-0.7
2026-02-09,21078.8,15775.14,-4.598,-0.221
2026-02-10,21014.92,15733.54,-4.887,-0.485
2026-02-11,20980.03,15729.9,-5.045,-0.508
2026-02-12,20542.57,15486.89,-7.025,-2.045
2026-02-13,20504.94,15497.8,-7.195,-1.976
2026-02-17,20375.93,15522.81,-7.779,-1.817
2026-02-18,20472.75,15601.01,-7.341,-1.323
2026-02-19,20483.21,15559.86,-7.293,-1.583
2026-02-20,20658.45,15672.39,-6.5,-0.871
2026-02-23,20580.05,15512.35,-6.855,-1.884
2026-02-24,20902.78,15625.1,-5.394,-1.17
2026-02-25,21043.46,15756.95,-4.758,-0.336
2026-02-26,20739.53,15669.43,-6.133,-0.89
2026-02-27,20514.87,15594.19,-7.15,-1.366
2026-03-02,20581.16,15603.05,-6.85,-1.31
2026-03-03,20234.98,15465.53,-8.417,-2.18
2026-03-04,20498.75,15574.64,-7.223,-1.49
2026-03-05,20409.66,15487.8,-7.626,-2.039
2026-03-06,20177.22,15284.8,-8.678,-3.323
2026-03-09,20491.92,15418.7,-7.254,-2.476
2026-03-10,20533.21,15393.92,-7.067,-2.633
2026-03-11,20584.33,15374.6,-6.836,-2.755
2026-03-12,20207.05,15141.13,-8.543,-4.232
2026-03-13,19938.75,15055.43,-9.757,-4.774
2026-03-16,20139.91,15208.65,-8.847,-3.805
2026-03-17,20195.26,15248.66,-8.596,-3.551
2026-03-18,19953.76,15035.88,-9.689,-4.897
2026-03-19,19791.95,14998.83,-10.422,-5.132
2026-03-20,19353.55,14783.81,-12.406,-6.492
2026-03-23,19490.47,14939.04,-11.786,-5.51
2026-03-24,19367.37,14888.89,-12.343,-5.827
2026-03-25,19725.44,14971.86,-10.723,-5.302
2026-03-26,19104.02,14704.48,-13.535,-6.993
2026-03-27,18904.27,14453.74,-14.439,-8.579
2026-03-30,18777.93,14405.42,-15.011,-8.885
2026-03-31,19442.88,14824.15,-12.002,-6.236
2026-04-01,19740.46,14935.85,-10.655,-5.53
2026-04-02,19698.63,14949.3,-10.844,-5.445
2026-04-06,19729.46,15019.96,-10.705,-4.998
2026-04-07,19725.9,15026.57,-10.721,-4.956
2026-04-08,20070.66,15409.29,-9.16,-2.535
2026-04-09,20198.98,15498.19,-8.58,-1.973
2026-04-10,20351.46,15487.93,-7.889,-2.038
2026-04-13,20513.1,15639.28,-7.158,-1.081
2026-04-14,21008.68,15829.85,-4.915,0.0
2026-04-15,21449.84,15954.76,-2.918,0.0
2026-04-16,21666.68,15993.97,-1.937,0.0
2026-04-17,21976.39,16187.26,-0.535,0.0
2026-04-20,21825.26,16154.89,-1.219,-0.2
2026-04-21,21715.62,16049.13,-1.715,-0.853
2026-04-22,22206.78,16211.66,0.0,0.0
2026-04-23,21956.05,16148.74,-1.129,-0.388
2026-04-24,22699.78,16273.88,0.0,0.0
2026-04-27,22661.43,16301.92,-0.169,0.0
2026-04-28,22471.24,16222.59,-1.007,-0.487
2026-04-29,22482.08,16220.09,-0.959,-0.502
2026-04-30,22842.01,16381.47,0.0,0.0
2026-05-01,23100.09,16426.83,0.0,0.0
2026-05-04,22760.66,16366.66,-1.469,-0.366
2026-05-05,23009.29,16497.95,-0.393,0.0
2026-05-06,24238.51,16727.26,0.0,0.0
2026-05-07,24256.1,16675.98,0.0,-0.307
2026-05-08,25041.12,16813.66,0.0,0.0
2026-05-11,25119.87,16851.95,0.0,0.0
2026-05-12,24889.09,16826.42,-0.919,-0.151
2026-05-13,25135.58,16920.56,0.0,0.0
2026-05-14,25304.06,17054.14,0.0,0.0
2026-05-15,24688.81,16848.99,-2.431,-1.203
2026-05-18,24522.46,16837.13,-3.089,-1.272
2026-05-19,24215.1,16724.99,-4.304,-1.93
2026-05-20,24865.87,16896.4,-1.732,-0.925
2026-05-21,24853.72,16929.91,-1.78,-0.728
2026-05-22,25051.65,16996.47,-0.998,-0.338
2026-05-26,25570.71,17109.3,0.0,0.0
2026-05-27,25459.87,17106.34,-0.433,-0.017
2026-05-28,25921.37,17200.71,0.0,0.0
2026-05-29,25904.06,17243.56,-0.067,0.0
2026-06-01,25833.98,17290.52,-0.337,0.0
2026-06-02,25845.32,17314.0,-0.293,0.0
2026-06-03,25787.11,17192.5,-0.518,-0.702
2026-06-04,25730.14,17257.46,-0.738,-0.327
2026-06-05,24442.2,16812.06,-5.706,-2.899
2026-06-08,24758.09,16850.13,-4.488,-2.679
2026-06-09,24319.95,16800.66,-6.178,-2.965
2026-06-10,23641.92,16535.79,-8.794,-4.495
2026-06-11,24351.39,16816.85,-6.057,-2.871
2026-06-12,24650.6,16907.8,-4.902,-2.346
2026-06-15,25456.08,17205.95,-1.795,-0.624
2026-06-16,24906.24,17103.37,-3.916,-1.216
2026-06-17,24618.87,16889.79,-5.025,-2.45
2026-06-18,25089.74,17065.39,-3.208,-1.436
2026-06-22,24984.33,17011.69,-3.615,-1.746
2026-06-23,24280.78,16764.65,-6.329,-3.173
2026-06-24,24119.69,16756.87,-6.951,-3.218
2026-06-25,23975.62,16781.1,-7.506,-3.078
2026-06-26,24015.17,16659.75,-7.354,-3.779
2026-06-29,24536.27,16934.22,-5.343,-2.193
2026-06-30,25263.25,17066.08,-2.539,-1.432
2026-07-01,25223.04,17043.0,-2.694,-1.565
2026-07-02,25075.94,17020.6,-3.262,-1.695
2026-07-06,25573.19,17169.15,-1.343,-0.837
2026-07-07,25201.14,17087.56,-2.779,-1.308
2026-07-08,25160.36,17034.77,-2.936,-1.613
2026-07-09,25441.81,17178.97,-1.85,-0.78
2026-07-10,25611.28,17253.02,-1.196,-0.352
2026-07-13,25195.95,17120.93,-2.799,-1.115
2026-07-14,25442.71,17181.72,-1.847,-0.764
2026-07-15,25674.54,17249.82,-0.952,-0.371
2026-07-16,25314.5,17156.35,-2.341,-0.911
2026-07-17,25053.76,16986.55,-3.347,-1.891
2026-07-20,25028.77,16959.13,-3.443,-2.05
2026-07-21,25369.17,17100.59,-2.13,-1.233
2026-07-22,25351.71,17080.7,-2.198,-1.347
